<reportTemplates>
	<reportTemplate id='stdReport'>
		<pageOrientation>P</pageOrientation>
		<pdfUnit>mm</pdfUnit>
		<pdfPageFormat>LETTER</pdfPageFormat>
		<creator>Air Care Alliance</creator>
		<author>Air Care Alliance</author>
		<includeHeader>true</includeHeader>
		<includeTitle>true</includeTitle>
		<headerLogo>aflogo_west_test.jpg</headerLogo>
		<headerSize>37</headerSize>
		<headerFont>helvetica</headerFont>
		<headerFontSize>14</headerFontSize>
		<headerFontStyle></headerFontStyle>
		<footerFont>helvetica</footerFont>
		<footerFontSize>8</footerFontSize>
		<footerFontStyle></footerFontStyle>		
		<pageMarginTop>32</pageMarginTop>
		<pageMarginBottom>30</pageMarginBottom>
		<pageMarginLeft>20</pageMarginLeft>
		<pageMarginRight>20</pageMarginRight>
		<headerMargin>5</headerMargin>
		<footerMargin>10</footerMargin>
		<dataFont>helvetica</dataFont>
		<dataFontSize>8</dataFontSize>
		<dataFontStyle></dataFontStyle>
		<monospaceFont>courier</monospaceFont>
		<monospaceFontSize>10</monospaceFontSize>
		<monospaceFontStyle></monospaceFontStyle>
	</reportTemplate>
	<reportTemplate id='portraitReport'>
		<pageOrientation>P</pageOrientation>
		<pdfUnit>mm</pdfUnit>
		<pdfPageFormat>LETTER</pdfPageFormat>
		<creator>Air Care Alliance</creator>
		<author>Air Care Alliance</author>
		<includeHeader>true</includeHeader>
		<includeTitle>false</includeTitle>
		<headerLogo>aflogo_west_test.jpg</headerLogo>
		<headerSize>37</headerSize>
		<headerFont>helvetica</headerFont>
		<headerFontSize>14</headerFontSize>
		<headerFontStyle></headerFontStyle>
		<footerFont>helvetica</footerFont>
		<footerFontSize>8</footerFontSize>
		<footerFontStyle></footerFontStyle>		
		<pageMarginTop>32</pageMarginTop>
		<pageMarginBottom>30</pageMarginBottom>
		<pageMarginLeft>13</pageMarginLeft>
		<pageMarginRight>20</pageMarginRight>
		<headerMargin>5</headerMargin>
		<footerMargin>10</footerMargin>
		<dataFont>helvetica</dataFont>
		<dataFontSize>8</dataFontSize>
		<dataFontStyle></dataFontStyle>
		<monospaceFont>courier</monospaceFont>
		<monospaceFontSize>10</monospaceFontSize>
		<monospaceFontStyle></monospaceFontStyle>
	</reportTemplate>
	<reportTemplate id='landscapeReport'>
		<pageOrientation>L</pageOrientation>
		<pdfUnit>mm</pdfUnit>
		<pdfPageFormat>LETTER</pdfPageFormat>
		<creator>Air Care Alliance</creator>
		<author>Air Care Alliance</author>
		<includeHeader>true</includeHeader>
		<includeTitle>false</includeTitle>
		<headerLogo>aflogo_west_test.jpg</headerLogo>
		<headerSize>37</headerSize>
		<headerFont>helvetica</headerFont>
		<headerFontSize>14</headerFontSize>
		<headerFontStyle></headerFontStyle>
		<footerFont>helvetica</footerFont>
		<footerFontSize>8</footerFontSize>
		<footerFontStyle></footerFontStyle>		
		<pageMarginTop>30</pageMarginTop>
		<pageMarginBottom>20</pageMarginBottom>
		<pageMarginLeft>13</pageMarginLeft>
		<pageMarginRight>13</pageMarginRight>
		<headerMargin>5</headerMargin>
		<footerMargin>10</footerMargin>
		<dataFont>helvetica</dataFont>
		<dataFontSize>7</dataFontSize>
		<dataFontStyle></dataFontStyle>
		<monospaceFont>courier</monospaceFont>
		<monospaceFontSize>7</monospaceFontSize>
		<monospaceFontStyle></monospaceFontStyle>
	</reportTemplate>
	<reportTemplate id='itinerary'>
		<pageOrientation>P</pageOrientation>
		<pdfUnit>mm</pdfUnit>
		<pdfPageFormat>LETTER</pdfPageFormat>
		<creator>Air Care Alliance</creator>
		<author>Air Care Alliance</author>
		<includeHeader>true</includeHeader>
		<includeTitle>false</includeTitle>
		<headerLogo></headerLogo>
		<headerSize></headerSize>
		<headerFont>helvetica</headerFont>
		<headerFontSize></headerFontSize>
		<headerFontStyle></headerFontStyle>
		<footerFont>helvetica</footerFont>
		<footerFontSize>8</footerFontSize>
		<footerFontStyle></footerFontStyle>		
		<pageMarginTop>35</pageMarginTop>
		<pageMarginBottom>20</pageMarginBottom>
		<pageMarginLeft>15</pageMarginLeft>
		<pageMarginRight>15</pageMarginRight>
		<headerMargin>5</headerMargin>
		<footerMargin>10</footerMargin>
		<dataFont>helvetica</dataFont>
		<dataFontSize>8</dataFontSize>
		<dataFontStyle></dataFontStyle>
		<monospaceFont>courier</monospaceFont>
		<monospaceFontSize>10</monospaceFontSize>
		<monospaceFontStyle></monospaceFontStyle>
	</reportTemplate>
	<reportTemplate id='application'>
		<pageOrientation>P</pageOrientation>
		<pdfUnit>mm</pdfUnit>
		<pdfPageFormat>LETTER</pdfPageFormat>
		<creator>Air Care Alliance</creator>
		<author>Air Care Alliance</author>
		<includeHeader>true</includeHeader>
		<includeTitle>false</includeTitle>
		<headerLogo></headerLogo>
		<headerSize></headerSize>
		<headerFont>helvetica</headerFont>
		<headerFontSize></headerFontSize>
		<headerFontStyle></headerFontStyle>
		<footerFont>helvetica</footerFont>
		<footerFontSize>8</footerFontSize>
		<footerFontStyle></footerFontStyle>		
		<pageMarginTop>27</pageMarginTop>
		<pageMarginBottom>25</pageMarginBottom>
		<pageMarginLeft>15</pageMarginLeft>
		<pageMarginRight>15</pageMarginRight>
		<headerMargin>5</headerMargin>
		<footerMargin>10</footerMargin>
		<dataFont>helvetica</dataFont>
		<dataFontSize>8</dataFontSize>
		<dataFontStyle></dataFontStyle>
		<monospaceFont>courier</monospaceFont>
		<monospaceFontSize>10</monospaceFontSize>
		<monospaceFontStyle></monospaceFontStyle>
	</reportTemplate>
	<reportTemplate id='letterhead'>
		<pageOrientation>P</pageOrientation>
		<pdfUnit>mm</pdfUnit>
		<pdfPageFormat>LETTER</pdfPageFormat>
		<creator>Air Care Alliance</creator>
		<author>Air Care Alliance</author>
		<includeHeader>true</includeHeader>
		<includeTitle>false</includeTitle>
		<headerLogo></headerLogo>
		<headerSize></headerSize>
		<headerFont>times</headerFont>
		<headerFontSize></headerFontSize>
		<headerFontStyle></headerFontStyle>
		<footerFont>times</footerFont>
		<footerFontSize>8</footerFontSize>
		<footerFontStyle></footerFontStyle>		
		<pageMarginTop>37</pageMarginTop>
		<pageMarginBottom>25</pageMarginBottom>
		<pageMarginLeft>20</pageMarginLeft>
		<pageMarginRight>20</pageMarginRight>
		<headerMargin>5</headerMargin>
		<footerMargin>10</footerMargin>
		<dataFont>times</dataFont>
		<dataFontSize>8</dataFontSize>
		<dataFontStyle></dataFontStyle>
		<monospaceFont>courier</monospaceFont>
		<monospaceFontSize>10</monospaceFontSize>
		<monospaceFontStyle></monospaceFontStyle>
	</reportTemplate>
	<reportTemplate id='letterhead_member'>
		<pageOrientation>P</pageOrientation>
		<pdfUnit>mm</pdfUnit>
		<pdfPageFormat>LETTER</pdfPageFormat>
		<creator>Air Care Alliance</creator>
		<author>Air Care Alliance</author>
		<includeHeader>true</includeHeader>
		<includeTitle>false</includeTitle>
		<headerLogo></headerLogo>
		<headerSize></headerSize>
		<headerFont>times</headerFont>
		<headerFontSize></headerFontSize>
		<headerFontStyle></headerFontStyle>
		<footerFont>times</footerFont>
		<footerFontSize>8</footerFontSize>
		<footerFontStyle></footerFontStyle>		
		<pageMarginTop>29</pageMarginTop>
		<pageMarginBottom>20</pageMarginBottom>
		<pageMarginLeft>20</pageMarginLeft>
		<pageMarginRight>20</pageMarginRight>
		<headerMargin>0</headerMargin>
		<footerMargin>10</footerMargin>
		<dataFont>times</dataFont>
		<dataFontSize>10</dataFontSize>
		<dataFontStyle></dataFontStyle>
		<monospaceFont>courier</monospaceFont>
		<monospaceFontSize>10</monospaceFontSize>
		<monospaceFontStyle></monospaceFontStyle>
	</reportTemplate>
	<reportTemplate id='medical_release'>
		<pageOrientation>P</pageOrientation>
		<pdfUnit>mm</pdfUnit>
		<pdfPageFormat>LETTER</pdfPageFormat>
		<creator>VPOIDS</creator>
		<author>VPOIDS</author>
		<includeHeader>true</includeHeader>
		<includeTitle>false</includeTitle>
		<headerLogo></headerLogo>
		<headerSize></headerSize>
		<headerFont>times</headerFont>
		<headerFontSize></headerFontSize>
		<headerFontStyle></headerFontStyle>
		<footerFont>times</footerFont>
		<footerFontSize>8</footerFontSize>
		<footerFontStyle></footerFontStyle>		
		<pageMarginTop>47</pageMarginTop>
		<pageMarginBottom>25</pageMarginBottom>
		<pageMarginLeft>20</pageMarginLeft>
		<pageMarginRight>20</pageMarginRight>
		<headerMargin>0</headerMargin>
		<footerMargin>10</footerMargin>
		<dataFont>times</dataFont>
		<dataFontSize>10</dataFontSize>
		<dataFontStyle></dataFontStyle>
		<monospaceFont>courier</monospaceFont>
		<monospaceFontSize>10</monospaceFontSize>
		<monospaceFontStyle></monospaceFontStyle>
	</reportTemplate>
	<reportTemplate id='blank'>
		<pageOrientation>P</pageOrientation>
		<pdfUnit>mm</pdfUnit>
		<pdfPageFormat>LETTER</pdfPageFormat>
		<creator>Air Care Alliance</creator>
		<author>Air Care Alliance</author>
		<includeHeader>false</includeHeader>
		<includeTitle>false</includeTitle>
		<headerLogo></headerLogo>
		<headerSize></headerSize>
		<headerFont>helvetica</headerFont>
		<headerFontSize></headerFontSize>
		<headerFontStyle></headerFontStyle>
		<footerFont>helvetica</footerFont>
		<footerFontSize>8</footerFontSize>
		<footerFontStyle></footerFontStyle>		
		<pageMarginTop>15</pageMarginTop>
		<pageMarginBottom>15</pageMarginBottom>
		<pageMarginLeft>15</pageMarginLeft>
		<pageMarginRight>15</pageMarginRight>
		<headerMargin>0</headerMargin>
		<footerMargin>0</footerMargin>
		<dataFont>helvetica</dataFont>
		<dataFontSize>8</dataFontSize>
		<dataFontStyle></dataFontStyle>
		<monospaceFont>courier</monospaceFont>
		<monospaceFontSize>10</monospaceFontSize>
		<monospaceFontStyle></monospaceFontStyle>
	</reportTemplate>
	<reportTemplate id='dymo_330'>
		<pageOrientation>L</pageOrientation>
		<pdfUnit>mm</pdfUnit>
		<pageWidth>89</pageWidth>
		<pageHeight>28</pageHeight>
		<creator>Air Care Alliance</creator>
		<author>Air Care Alliance</author>
		<includeHeader>false</includeHeader>
		<includeTitle>false</includeTitle>
		<headerLogo></headerLogo>
		<headerSize></headerSize>
		<headerFont>helvetica</headerFont>
		<headerFontSize></headerFontSize>
		<headerFontStyle></headerFontStyle>
		<footerFont>helvetica</footerFont>
		<footerFontSize>8</footerFontSize>
		<footerFontStyle></footerFontStyle>		
		<pageMarginTop>5</pageMarginTop>
		<pageMarginBottom>5</pageMarginBottom>
		<pageMarginLeft>5</pageMarginLeft>
		<pageMarginRight>5</pageMarginRight>
		<headerMargin>5</headerMargin>
		<footerMargin>10</footerMargin>
		<dataFont>helvetica</dataFont>
		<dataFontSize>12</dataFontSize>
		<dataFontStyle></dataFontStyle>
		<monospaceFont>courier</monospaceFont>
		<monospaceFontSize>10</monospaceFontSize>
		<monospaceFontStyle></monospaceFontStyle>
	</reportTemplate>
</reportTemplates>